Workbook

Sheet 2008
A1: NewRef | B1: RefNo | C1: Type | D1: HO_TradeType | E1: TradingAccount | F1: CUSIP | G1: SecurityDesc | H1: TradeDate | I1: AsOF_TradeDate | J1: SettlementDate | K1: ReturnDate | L1: TradeType | M1: ContraAccount | N1: ContraShortName | O1: NameAddr1 | P1: Original_Client_Acct | Q1: Original_Client_SN | R1: Original_Client_Name | S1: Par | T1: Principal | U1: BuySell | V1: RepoRate | W1: EXCLUDE | X1: RESCOUNTRY | Y1: RISKCOUNTRY | Z1: INDUSTRY | AA1: CUSTTYPE | AB1: RELATIONSHIP | AC1: CustTypeDesc | AD1: CountryRating
A2: 00000023 | B2: 0000007 | C2: SRP | D2: REP | E2: 0168 | F2: 91282CJC6 | G2: C TR NT 4.625% 10/15/26 | H2: 20250529 | I2: 20250529 | J2: 20250529 | K2: 20250530 | L2: RP | M2: 16991100 | N2: IHO SWEEP | O2: INDUST & COMM BK OF CHINA LTD | P2: NULL | Q2: NULL | R2: NULL | S2: 50000000 | T2: 50624898.85 | U2: S | V2: 3.10000000 | W2: N | X2: 41408 | Y2: 41408 | Z2: 6081 | AA2: 200 | AB2: 300 | AC2: Commercial Banks | AD2: A+
A3: 00000024 | B3: 0000008 | C3: SRP | D3: REP | E3: 0168 | F3: 91282CJC6 | G3: C TR NT 4.625% 10/15/26 | H3: 20250529 | I3: 20250529 | J3: 20250529 | K3: 20250530 | L3: RP | M3: 16991100 | N3: IHO SWEEP | O3: INDUST & COMM BK OF CHINA LTD | P3: NULL | Q3: NULL | R3: NULL | S3: 50000000 | T3: 50624898.85 | U3: S | V3: 3.10000000 | W3: N | X3: 41408 | Y3: 41408 | Z3: 6081 | AA3: 200 | AB3: 300 | AC3: Commercial Banks | AD3: A+
A4: 00000025 | B4: 0000009 | C4: SRP | D4: REP | E4: 0168 | F4: 91282CJC6 | G4: C TR NT 4.625% 10/15/26 | H4: 20250529 | I4: 20250529 | J4: 20250529 | K4: 20250530 | L4: RP | M4: 16991100 | N4: IHO SWEEP | O4: INDUST & COMM BK OF CHINA LTD | P4: NULL | Q4: NULL | R4: NULL | S4: 13548000 | T4: 13717322.59 | U4: S | V4: 3.10000000 | W4: N | X4: 41408 | Y4: 41408 | Z4: 6081 | AA4: 200 | AB4: 300 | AC4: Commercial Banks | AD4: A+
A5: 00000008 | B5: 0000017 | C5: BPI | D5: REV | E5: SDN1 | F5: 91282CHY0 | G5: C TR NT 4.625% 09/15/26 | H5: 20250513 | I5: 20250513 | J5: 20250513 | K5: 99999999 | L5: RV | M5: 16792001 | N5: SDNAUG25 | O5: INDUSTRIAL AND COMMERCIAL | P5: NULL | Q5: NULL | R5: NULL | S5: 45000000 | T5: 0.00 | U5: B | V5: 0.00000000 | W5: N | X5: 41408 | Y5: 41408 | Z5: 6081 | AA5: 200 | AB5: 300 | AC5: Commercial Banks | AD5: A+
A6: 00000019 | B6: 0000018 | C6: BPI | D6: REV | E6: SDN3 | F6: 91282CHY0 | G6: C TR NT 4.625% 09/15/26 | H6: 20250513 | I6: 20250513 | J6: 20250513 | K6: 99999999 | L6: RV | M6: 16792003 | N6: SDN 2023 | O6: INDUSTRIAL AND COMMERCIAL | P6: NULL | Q6: NULL | R6: NULL | S6: 15000000 | T6: 0.00 | U6: B | V6: 0.00000000 | W6: N | X6: 41408 | Y6: 41408 | Z6: 6081 | AA6: 200 | AB6: 300 | AC6: Commercial Banks | AD6: A+
A7: 00000014 | B7: 0000061 | C7: BPI | D7: REV | E7: SDN3 | F7: 91282CCZ2 | G7: C TR NT .875% 09/30/26 | H7: 20250121 | I7: 20250121 | J7: 20250124 | K7: 99999999 | L7: RV | M7: 16792003 | N7: SDN 2023 | O7: INDUSTRIAL AND COMMERCIAL | P7: NULL | Q7: NULL | R7: NULL | S7: 50000000 | T7: 0.00 | U7: B | V7: 0.00000000 | W7: N | X7: 41408 | Y7: 41408 | Z7: 6081 | AA7: 200 | AB7: 300 | AC7: Commercial Banks | AD7: A+
A8: 00000015 | B8: 0000062 | C8: BPI | D8: REV | E8: SDN3 | F8: 91282CCZ2 | G8: C TR NT .875% 09/30/26 | H8: 20250121 | I8: 20250121 | J8: 20250124 | K8: 99999999 | L8: RV | M8: 16792003 | N8: SDN 2023 | O8: INDUSTRIAL AND COMMERCIAL | P8: NULL | Q8: NULL | R8: NULL | S8: 50000000 | T8: 0.00 | U8: B | V8: 0.00000000 | W8: N | X8: 41408 | Y8: 41408 | Z8: 6081 | AA8: 200 | AB8: 300 | AC8: Commercial Banks | AD8: A+
A9: 00000009 | B9: 0000206 | C9: BPI | D9: REV | E9: SDN1 | F9: 91282CJC6 | G9: C TR NT 4.625% 10/15/26 | H9: 20241021 | I9: 20241021 | J9: 20241023 | K9: 99999999 | L9: RV | M9: 16792001 | N9: SDNAUG25 | O9: INDUSTRIAL AND COMMERCIAL | P9: NULL | Q9: NULL | R9: NULL | S9: 50000000 | T9: 0.00 | U9: B | V9: 0.00000000 | W9: N | X9: 41408 | Y9: 41408 | Z9: 6081 | AA9: 200 | AB9: 300 | AC9: Commercial Banks | AD9: A+
A10: 00000010 | B10: 0000207 | C10: BPI | D10: REV | E10: SDN1 | F10: 91282CJC6 | G10: C TR NT 4.625% 10/15/26 | H10: 20241021 | I10: 20241021 | J10: 20241023 | K10: 99999999 | L10: RV | M10: 16792001 | N10: SDNAUG25 | O10: INDUSTRIAL AND COMMERCIAL | P10: NULL | Q10: NULL | R10: NULL | S10: 22000000 | T10: 0.00 | U10: B | V10: 0.00000000 | W10: N | X10: 41408 | Y10: 41408 | Z10: 6081 | AA10: 200 | AB10: 300 | AC10: Commercial Banks | AD10: A+
A11: 00000011 | B11: 0000208 | C11: BPI | D11: REV | E11: SDN2 | F11: 91282CHY0 | G11: C TR NT 4.625% 09/15/26 | H11: 20241021 | I11: 20241021 | J11: 20241023 | K11: 99999999 | L11: RV | M11: 16792002 | N11: SDNOCT25 | O11: INDUSTRIAL AND COMMERCIAL | P11: NULL | Q11: NULL | R11: NULL | S11: 35000000 | T11: 0.00 | U11: B | V11: 0.00000000 | W11: N | X11: 41408 | Y11: 41408 | Z11: 6081 | AA11: 200 | AB11: 300 | AC11: Commercial Banks | AD11: A+
A12: 00000012 | B12: 0000209 | C12: BPI | D12: REV | E12: SDN2 | F12: 91282CJC6 | G12: C TR NT 4.625% 10/15/26 | H12: 20241021 | I12: 20241021 | J12: 20241023 | K12: 99999999 | L12: RV | M12: 16792002 | N12: SDNOCT25 | O12: INDUSTRIAL AND COMMERCIAL | P12: NULL | Q12: NULL | R12: NULL | S12: 50000000 | T12: 0.00 | U12: B | V12: 0.00000000 | W12: N | X12: 41408 | Y12: 41408 | Z12: 6081 | AA12: 200 | AB12: 300 | AC12: Commercial Banks | AD12: A+
... A26: 00000001 | B26: 0000572 | C26: BRV | D26: REV | E26: 0168 | F26: 999999964 | G26: CASH COLLATERAL SECURITY | H26: 20240301 | I26: 20240103 | J26: 20240103 | K26: 99999999 | L26: RV | M26: 09870123 | N26: DTCC CFD | O26: DTCC CLEARING FUND DEPOSIT | P26: NULL | Q26: NULL | R26: NULL | S26: 248439 | T26: 248439.00 | U26: B | V26: 0.00000000 | W26: Y | X26: 29990 | Y26: 29990 | Z26: 6211 | AA26: 510 | AB26: 000 | AC26: Brokers | AD26: AA+

Sheet Sheet3
A1: =EXACT('2008'!A1,'2022'!A1) -> TRUE | B1: =EXACT('2008'!B1,'2022'!B1) -> TRUE | C1: =EXACT('2008'!C1,'2022'!C1) -> TRUE | D1: =EXACT('2008'!D1,'2022'!D1) -> TRUE | E1: =EXACT('2008'!E1,'2022'!E1) -> TRUE | F1: =EXACT('2008'!F1,'2022'!F1) -> TRUE | G1: =EXACT('2008'!G1,'2022'!G1) -> TRUE | H1: =EXACT('2008'!H1,'2022'!H1) -> TRUE | ... AC1: =EXACT('2008'!AC1,'2022'!AC1) -> TRUE
A2: =EXACT('2008'!A2,'2022'!A2) -> TRUE | B2: =EXACT('2008'!B2,'2022'!B2) -> TRUE | C2: =EXACT('2008'!C2,'2022'!C2) -> TRUE | D2: =EXACT('2008'!D2,'2022'!D2) -> TRUE | E2: =EXACT('2008'!E2,'2022'!E2) -> TRUE | F2: =EXACT('2008'!F2,'2022'!F2) -> TRUE | G2: =EXACT('2008'!G2,'2022'!G2) -> TRUE | H2: =EXACT('2008'!H2,'2022'!H2) -> TRUE | ... AC2: =EXACT('2008'!AC2,'2022'!AC2) -> TRUE
A3: =EXACT('2008'!A3,'2022'!A3) -> TRUE | B3: =EXACT('2008'!B3,'2022'!B3) -> TRUE | C3: =EXACT('2008'!C3,'2022'!C3) -> TRUE | D3: =EXACT('2008'!D3,'2022'!D3) -> TRUE | E3: =EXACT('2008'!E3,'2022'!E3) -> TRUE | F3: =EXACT('2008'!F3,'2022'!F3) -> TRUE | G3: =EXACT('2008'!G3,'2022'!G3) -> TRUE | H3: =EXACT('2008'!H3,'2022'!H3) -> TRUE | ... AC3: =EXACT('2008'!AC3,'2022'!AC3) -> TRUE
A4: =EXACT('2008'!A4,'2022'!A4) -> TRUE | B4: =EXACT('2008'!B4,'2022'!B4) -> TRUE | C4: =EXACT('2008'!C4,'2022'!C4) -> TRUE | D4: =EXACT('2008'!D4,'2022'!D4) -> TRUE | E4: =EXACT('2008'!E4,'2022'!E4) -> TRUE | F4: =EXACT('2008'!F4,'2022'!F4) -> TRUE | G4: =EXACT('2008'!G4,'2022'!G4) -> TRUE | H4: =EXACT('2008'!H4,'2022'!H4) -> TRUE | ... AC4: =EXACT('2008'!AC4,'2022'!AC4) -> TRUE
A5: =EXACT('2008'!A5,'2022'!A5) -> TRUE | B5: =EXACT('2008'!B5,'2022'!B5) -> TRUE | C5: =EXACT('2008'!C5,'2022'!C5) -> TRUE | D5: =EXACT('2008'!D5,'2022'!D5) -> TRUE | E5: =EXACT('2008'!E5,'2022'!E5) -> TRUE | F5: =EXACT('2008'!F5,'2022'!F5) -> TRUE | G5: =EXACT('2008'!G5,'2022'!G5) -> TRUE | H5: =EXACT('2008'!H5,'2022'!H5) -> TRUE | ... AC5: =EXACT('2008'!AC5,'2022'!AC5) -> TRUE
A6: =EXACT('2008'!A6,'2022'!A6) -> TRUE | B6: =EXACT('2008'!B6,'2022'!B6) -> TRUE | C6: =EXACT('2008'!C6,'2022'!C6) -> TRUE | D6: =EXACT('2008'!D6,'2022'!D6) -> TRUE | E6: =EXACT('2008'!E6,'2022'!E6) -> TRUE | F6: =EXACT('2008'!F6,'2022'!F6) -> TRUE | G6: =EXACT('2008'!G6,'2022'!G6) -> TRUE | H6: =EXACT('2008'!H6,'2022'!H6) -> TRUE | ... AC6: =EXACT('2008'!AC6,'2022'!AC6) -> TRUE
A7: =EXACT('2008'!A7,'2022'!A7) -> TRUE | B7: =EXACT('2008'!B7,'2022'!B7) -> TRUE | C7: =EXACT('2008'!C7,'2022'!C7) -> TRUE | D7: =EXACT('2008'!D7,'2022'!D7) -> TRUE | E7: =EXACT('2008'!E7,'2022'!E7) -> TRUE | F7: =EXACT('2008'!F7,'2022'!F7) -> TRUE | G7: =EXACT('2008'!G7,'2022'!G7) -> TRUE | H7: =EXACT('2008'!H7,'2022'!H7) -> TRUE | ... AC7: =EXACT('2008'!AC7,'2022'!AC7) -> TRUE
A8: =EXACT('2008'!A8,'2022'!A8) -> TRUE | B8: =EXACT('2008'!B8,'2022'!B8) -> TRUE | C8: =EXACT('2008'!C8,'2022'!C8) -> TRUE | D8: =EXACT('2008'!D8,'2022'!D8) -> TRUE | E8: =EXACT('2008'!E8,'2022'!E8) -> TRUE | F8: =EXACT('2008'!F8,'2022'!F8) -> TRUE | G8: =EXACT('2008'!G8,'2022'!G8) -> TRUE | H8: =EXACT('2008'!H8,'2022'!H8) -> TRUE | ... AC8: =EXACT('2008'!AC8,'2022'!AC8) -> TRUE
A9: =EXACT('2008'!A9,'2022'!A9) -> TRUE | B9: =EXACT('2008'!B9,'2022'!B9) -> TRUE | C9: =EXACT('2008'!C9,'2022'!C9) -> TRUE | D9: =EXACT('2008'!D9,'2022'!D9) -> TRUE | E9: =EXACT('2008'!E9,'2022'!E9) -> TRUE | F9: =EXACT('2008'!F9,'2022'!F9) -> TRUE | G9: =EXACT('2008'!G9,'2022'!G9) -> TRUE | H9: =EXACT('2008'!H9,'2022'!H9) -> TRUE | ... AC9: =EXACT('2008'!AC9,'2022'!AC9) -> TRUE
A10: =EXACT('2008'!A10,'2022'!A10) -> TRUE | B10: =EXACT('2008'!B10,'2022'!B10) -> TRUE | C10: =EXACT('2008'!C10,'2022'!C10) -> TRUE | D10: =EXACT('2008'!D10,'2022'!D10) -> TRUE | E10: =EXACT('2008'!E10,'2022'!E10) -> TRUE | F10: =EXACT('2008'!F10,'2022'!F10) -> TRUE | G10: =EXACT('2008'!G10,'2022'!G10) -> TRUE | H10: =EXACT('2008'!H10,'2022'!H10) -> TRUE | ... AC10: =EXACT('2008'!AC10,'2022'!AC10) -> TRUE
A11: =EXACT('2008'!A11,'2022'!A11) -> TRUE | B11: =EXACT('2008'!B11,'2022'!B11) -> TRUE | C11: =EXACT('2008'!C11,'2022'!C11) -> TRUE | D11: =EXACT('2008'!D11,'2022'!D11) -> TRUE | E11: =EXACT('2008'!E11,'2022'!E11) -> TRUE | F11: =EXACT('2008'!F11,'2022'!F11) -> TRUE | G11: =EXACT('2008'!G11,'2022'!G11) -> TRUE | H11: =EXACT('2008'!H11,'2022'!H11) -> TRUE | ... AC11: =EXACT('2008'!AC11,'2022'!AC11) -> TRUE
A12: =EXACT('2008'!A12,'2022'!A12) -> TRUE | B12: =EXACT('2008'!B12,'2022'!B12) -> TRUE | C12: =EXACT('2008'!C12,'2022'!C12) -> TRUE | D12: =EXACT('2008'!D12,'2022'!D12) -> TRUE | E12: =EXACT('2008'!E12,'2022'!E12) -> TRUE | F12: =EXACT('2008'!F12,'2022'!F12) -> TRUE | G12: =EXACT('2008'!G12,'2022'!G12) -> TRUE | H12: =EXACT('2008'!H12,'2022'!H12) -> TRUE | ... AC12: =EXACT('2008'!AC12,'2022'!AC12) -> TRUE
... A41: =EXACT('2008'!A41,'2022'!A41) -> TRUE | B41: =EXACT('2008'!B41,'2022'!B41) -> TRUE | C41: =EXACT('2008'!C41,'2022'!C41) -> TRUE | D41: =EXACT('2008'!D41,'2022'!D41) -> TRUE | E41: =EXACT('2008'!E41,'2022'!E41) -> TRUE | F41: =EXACT('2008'!F41,'2022'!F41) -> TRUE | G41: =EXACT('2008'!G41,'2022'!G41) -> TRUE | H41: =EXACT('2008'!H41,'2022'!H41) -> TRUE | ... AC41: =EXACT('2008'!AC41,'2022'!AC41) -> TRUE

Sheet 2022
A1: NewRef | B1: RefNo | C1: Type | D1: HO_TradeType | E1: TradingAccount | F1: CUSIP | G1: SecurityDesc | H1: TradeDate | I1: AsOF_TradeDate | J1: SettlementDate | K1: ReturnDate | L1: TradeType | M1: ContraAccount | N1: ContraShortName | O1: NameAddr1 | P1: Original_Client_Acct | Q1: Original_Client_SN | R1: Original_Client_Name | S1: Par | T1: Principal | U1: BuySell | V1: RepoRate | W1: EXCLUDE | X1: RESCOUNTRY | Y1: RISKCOUNTRY | Z1: INDUSTRY | AA1: CUSTTYPE | AB1: RELATIONSHIP | AC1: CustTypeDesc | AD1: CountryRating
A2: 00000023 | B2: 0000007 | C2: SRP | D2: REP | E2: 0168 | F2: 91282CJC6 | G2: C TR NT 4.625% 10/15/26 | H2: 20250529 | I2: 20250529 | J2: 20250529 | K2: 20250530 | L2: RP | M2: 16991100 | N2: IHO SWEEP | O2: INDUST & COMM BK OF CHINA LTD | P2: NULL | Q2: NULL | R2: NULL | S2: 50000000 | T2: 50624898.85 | U2: S | V2: 3.10000000 | W2: N | X2: 41408 | Y2: 41408 | Z2: 6081 | AA2: 200 | AB2: 300 | AC2: Commercial Banks | AD2: A+
A3: 00000024 | B3: 0000008 | C3: SRP | D3: REP | E3: 0168 | F3: 91282CJC6 | G3: C TR NT 4.625% 10/15/26 | H3: 20250529 | I3: 20250529 | J3: 20250529 | K3: 20250530 | L3: RP | M3: 16991100 | N3: IHO SWEEP | O3: INDUST & COMM BK OF CHINA LTD | P3: NULL | Q3: NULL | R3: NULL | S3: 50000000 | T3: 50624898.85 | U3: S | V3: 3.10000000 | W3: N | X3: 41408 | Y3: 41408 | Z3: 6081 | AA3: 200 | AB3: 300 | AC3: Commercial Banks | AD3: A+
A4: 00000025 | B4: 0000009 | C4: SRP | D4: REP | E4: 0168 | F4: 91282CJC6 | G4: C TR NT 4.625% 10/15/26 | H4: 20250529 | I4: 20250529 | J4: 20250529 | K4: 20250530 | L4: RP | M4: 16991100 | N4: IHO SWEEP | O4: INDUST & COMM BK OF CHINA LTD | P4: NULL | Q4: NULL | R4: NULL | S4: 13548000 | T4: 13717322.59 | U4: S | V4: 3.10000000 | W4: N | X4: 41408 | Y4: 41408 | Z4: 6081 | AA4: 200 | AB4: 300 | AC4: Commercial Banks | AD4: A+
A5: 00000008 | B5: 0000017 | C5: BPI | D5: REV | E5: SDN1 | F5: 91282CHY0 | G5: C TR NT 4.625% 09/15/26 | H5: 20250513 | I5: 20250513 | J5: 20250513 | K5: 99999999 | L5: RV | M5: 16792001 | N5: SDNAUG25 | O5: INDUSTRIAL AND COMMERCIAL | P5: NULL | Q5: NULL | R5: NULL | S5: 45000000 | T5: 0.00 | U5: B | V5: 0.00000000 | W5: N | X5: 41408 | Y5: 41408 | Z5: 6081 | AA5: 200 | AB5: 300 | AC5: Commercial Banks | AD5: A+
A6: 00000019 | B6: 0000018 | C6: BPI | D6: REV | E6: SDN3 | F6: 91282CHY0 | G6: C TR NT 4.625% 09/15/26 | H6: 20250513 | I6: 20250513 | J6: 20250513 | K6: 99999999 | L6: RV | M6: 16792003 | N6: SDN 2023 | O6: INDUSTRIAL AND COMMERCIAL | P6: NULL | Q6: NULL | R6: NULL | S6: 15000000 | T6: 0.00 | U6: B | V6: 0.00000000 | W6: N | X6: 41408 | Y6: 41408 | Z6: 6081 | AA6: 200 | AB6: 300 | AC6: Commercial Banks | AD6: A+
A7: 00000014 | B7: 0000061 | C7: BPI | D7: REV | E7: SDN3 | F7: 91282CCZ2 | G7: C TR NT .875% 09/30/26 | H7: 20250121 | I7: 20250121 | J7: 20250124 | K7: 99999999 | L7: RV | M7: 16792003 | N7: SDN 2023 | O7: INDUSTRIAL AND COMMERCIAL | P7: NULL | Q7: NULL | R7: NULL | S7: 50000000 | T7: 0.00 | U7: B | V7: 0.00000000 | W7: N | X7: 41408 | Y7: 41408 | Z7: 6081 | AA7: 200 | AB7: 300 | AC7: Commercial Banks | AD7: A+
A8: 00000015 | B8: 0000062 | C8: BPI | D8: REV | E8: SDN3 | F8: 91282CCZ2 | G8: C TR NT .875% 09/30/26 | H8: 20250121 | I8: 20250121 | J8: 20250124 | K8: 99999999 | L8: RV | M8: 16792003 | N8: SDN 2023 | O8: INDUSTRIAL AND COMMERCIAL | P8: NULL | Q8: NULL | R8: NULL | S8: 50000000 | T8: 0.00 | U8: B | V8: 0.00000000 | W8: N | X8: 41408 | Y8: 41408 | Z8: 6081 | AA8: 200 | AB8: 300 | AC8: Commercial Banks | AD8: A+
A9: 00000009 | B9: 0000206 | C9: BPI | D9: REV | E9: SDN1 | F9: 91282CJC6 | G9: C TR NT 4.625% 10/15/26 | H9: 20241021 | I9: 20241021 | J9: 20241023 | K9: 99999999 | L9: RV | M9: 16792001 | N9: SDNAUG25 | O9: INDUSTRIAL AND COMMERCIAL | P9: NULL | Q9: NULL | R9: NULL | S9: 50000000 | T9: 0.00 | U9: B | V9: 0.00000000 | W9: N | X9: 41408 | Y9: 41408 | Z9: 6081 | AA9: 200 | AB9: 300 | AC9: Commercial Banks | AD9: A+
A10: 00000010 | B10: 0000207 | C10: BPI | D10: REV | E10: SDN1 | F10: 91282CJC6 | G10: C TR NT 4.625% 10/15/26 | H10: 20241021 | I10: 20241021 | J10: 20241023 | K10: 99999999 | L10: RV | M10: 16792001 | N10: SDNAUG25 | O10: INDUSTRIAL AND COMMERCIAL | P10: NULL | Q10: NULL | R10: NULL | S10: 22000000 | T10: 0.00 | U10: B | V10: 0.00000000 | W10: N | X10: 41408 | Y10: 41408 | Z10: 6081 | AA10: 200 | AB10: 300 | AC10: Commercial Banks | AD10: A+
A11: 00000011 | B11: 0000208 | C11: BPI | D11: REV | E11: SDN2 | F11: 91282CHY0 | G11: C TR NT 4.625% 09/15/26 | H11: 20241021 | I11: 20241021 | J11: 20241023 | K11: 99999999 | L11: RV | M11: 16792002 | N11: SDNOCT25 | O11: INDUSTRIAL AND COMMERCIAL | P11: NULL | Q11: NULL | R11: NULL | S11: 35000000 | T11: 0.00 | U11: B | V11: 0.00000000 | W11: N | X11: 41408 | Y11: 41408 | Z11: 6081 | AA11: 200 | AB11: 300 | AC11: Commercial Banks | AD11: A+
A12: 00000012 | B12: 0000209 | C12: BPI | D12: REV | E12: SDN2 | F12: 91282CJC6 | G12: C TR NT 4.625% 10/15/26 | H12: 20241021 | I12: 20241021 | J12: 20241023 | K12: 99999999 | L12: RV | M12: 16792002 | N12: SDNOCT25 | O12: INDUSTRIAL AND COMMERCIAL | P12: NULL | Q12: NULL | R12: NULL | S12: 50000000 | T12: 0.00 | U12: B | V12: 0.00000000 | W12: N | X12: 41408 | Y12: 41408 | Z12: 6081 | AA12: 200 | AB12: 300 | AC12: Commercial Banks | AD12: A+
... A26: 00000001 | B26: 0000572 | C26: BRV | D26: REV | E26: 0168 | F26: 999999964 | G26: CASH COLLATERAL SECURITY | H26: 20240301 | I26: 20240103 | J26: 20240103 | K26: 99999999 | L26: RV | M26: 09870123 | N26: DTCC CFD | O26: DTCC CLEARING FUND DEPOSIT | P26: NULL | Q26: NULL | R26: NULL | S26: 248439 | T26: 248439.00 | U26: B | V26: 0.00000000 | W26: Y | X26: 29990 | Y26: 29990 | Z26: 6211 | AA26: 510 | AB26: 000 | AC26: Brokers | AD26: AA+
